Workbook

Sheet 週報
B2: 週報
B3: 基準日 | C3: 46033
B4: 集計 | C4: 坪数 | D4: 部屋数 | M4: 稼働率（全体）
B5: 解約予定 | D5: =COUNTIF($B$16:$B$40,B5) | N5: =1-SUM(C6:C8)/基本情報!$C$4
B6: 空室 | D6: =COUNTIF($B$16:$B$40,B6)
B7: 原復中 | D7: =COUNTIF($B$16:$B$40,B7)
B8: 申込 | D8: =COUNTIF($B$16:$B$40,B8)
B9: 契約済 | D9: =COUNTIF($B$16:$B$40,B9)
B10: 募集止め | D10: =COUNTIF($B$16:$B$40,B10)
B11: FR | D11: =COUNTIF($B$16:$B$40,B11)
B14: 空室状況 | M14: 募集条件 | W14: 契約条件
B15: 現況 | C15: 部屋番号 | D15: 間取り | E15: 貸室面積 (坪) | F15: 貸室面積 (㎡) | G15: 解約日 | H15: 退去日 | I15: 空室日数 | J15: Downtime (day) | K15: 原復完了 | L15: 工事期間 | M15: 従前賃料(共込） | N15: 予算賃料 （共込） | O15: 募集賃料 | P15: 管理費 | Q15: 賃料計 | R15: 坪単価 | S15: 敷金 | T15: 礼金 | U15: FR | V15: AD | W15: 申込日 | X15: 法人/個人 | Y15: 保証会社 | AA15: 賃料発生日 | AB15: 賃料 | AC15: 管理費 | AJ15: 契約形態
C16: 101 | F16: 30.5 | I16: =IF(OR(B16="空室",B16="原復中")=TRUE,IF(G16="","",基本情報!$C$1-G16),"") | Q16: =IF(O16="","",O16+P16) | AA16: 2024/04/01 | AB16: 100000
B17: 空室 | C17: 102 | F17: 30.5 | G17: 45931 | H17: 45933 | I17: =IF(OR(B17="空室",B17="原復中")=TRUE,IF(G17="","",基本情報!$C$1-G17),"") | K17: 45950 | O17: 120000 | P17: 5000 | Q17: =IF(O17="","",O17+P17) | S17: 0 | T17: 1 | U17: 0 | V17: 1
B18: 原復中 | C18: 103 | F18: 30.5 | G18: 46011 | H18: 46016 | I18: =IF(OR(B18="空室",B18="原復中")=TRUE,IF(G18="","",基本情報!$C$1-G18),"") | K18: 46042 | O18: 118000 | P18: 5000 | Q18: =IF(O18="","",O18+P18) | S18: 0 | T18: 1 | U18: 0 | V18: 1
B19: 申込 | C19: 201 | F19: 30.5 | G19: 45962 | H19: 45962 | I19: =IF(OR(B19="空室",B19="原復中")=TRUE,IF(G19="","",基本情報!$C$1-G19),"") | K19: 45976 | O19: 121000 | P19: 5000 | Q19: =IF(O19="","",O19+P19) | S19: 0 | T19: 0 | U19: 1 | V19: 2 | W19: 46030
B20: 解約予定 | C20: 202 | F20: 30.5 | G20: 46081 | I20: =IF(OR(B20="空室",B20="原復中")=TRUE,IF(G20="","",基本情報!$C$1-G20),"") | Q20: =IF(O20="","",O20+P20)
B21: 契約済 | C21: 203 | F21: 30.5 | G21: 45901 | H21: 45901 | I21: =IF(OR(B21="空室",B21="原復中")=TRUE,IF(G21="","",基本情報!$C$1-G21),"") | K21: 45920 | O21: 119000 | P21: 5000 | Q21: =IF(O21="","",O21+P21) | S21: 0 | T21: 0 | U21: 0 | V21: 1 | W21: 46001 | X21: 個人 | Y21: 架空保証株式会社 | AA21: 46054 | AB21: 119000
B22: 募集止め | C22: 301 | F22: 30.5 | G22: 45901 | H22: 45902 | I22: =IF(OR(B22="空室",B22="原復中")=TRUE,IF(G22="","",基本情報!$C$1-G22),"") | Q22: =IF(O22="","",O22+P22)
B23: FR | C23: 302 | F23: 30.5 | I23: =IF(OR(B23="空室",B23="原復中")=TRUE,IF(G23="","",基本情報!$C$1-G23),"") | Q23: =IF(O23="","",O23+P23) | X23: 個人 | Y23: 架空保証株式会社 | AA23: 2026/01/01 | AB23: 99000
B24: 契約済 | C24: 303 | F24: 30.5 | I24: =IF(OR(B24="空室",B24="原復中")=TRUE,IF(G24="","",基本情報!$C$1-G24),"") | Q24: =IF(O24="","",O24+P24) | X24: 個人 | Y24: 架空保証株式会社 | AA24: 2023/06/15 | AB24: 101000
B27: リーシング状況 | Z27: リーシング活動・条件変更など
E28: 累計 | F28: 46019 | G28: 46026 | H28: 46033 | AA28: 実施日 | AB28: 変更内容等
B29: 問合せ | F29: 2 | G29: 3 | H29: 4 | AA29: 46017 | AB29: 架空: 仲介会社訪問
B30: 案内 | F30: 1 | G30: 2 | H30: 3 | AA30: 46031 | AB30: 架空: 102号室の募集条件を見直し
B31: 申込 | F31: 0 | G31: 0 | H31: 1
B32: キャンセル | F32: 0 | G32: 0 | H32: 0
B35: 申込進捗状況
B36: 申込日 | C36: 申込住戸 | D36: 進捗 | F36: 内容
B37: 46030 | C37: 201 | D37: 審査中 | F37: 個人・架空勤務先株式会社勤務

Sheet 基本情報
C1: =週報!C3
A2: 物件名 | C2: テスト物件A
A3: Unit 数 | C3: =COUNT(A8:A1048575)
A4: NRA (坪) | C4: =SUM(D8:D1048576)
A7: 部屋番号 | B7: 用途 | C7: 間取り | D7: 貸室面積 (坪) | E7: 貸室面積 (㎡)
A8: 101 | B8: 住戸 | C8: 1K | E8: 30.5
A9: 102 | B9: 住戸 | C9: 1K | E9: 30.5
A10: 103 | B10: 住戸 | C10: 1K | E10: 30.5
A11: 201 | B11: 住戸 | C11: 1K | E11: 30.5
A12: 202 | B12: 住戸 | C12: 1K | E12: 30.5
A13: 203 | B13: 住戸 | C13: 1K | E13: 30.5
A14: 301 | B14: 住戸 | C14: 1K | E14: 30.5
A15: 302 | B15: 住戸 | C15: 1K | E15: 30.5
A16: 303 | B16: 住戸 | C16: 1K | E16: 30.5

Sheet 業者営業
B1: 訪問日
